202,RE04DXHERXR4AXXL4XXK,2014-08-19,,P040149900002010
203,RE04DXHERXR4AXXL4XXK,2014-08-19,,P040149900002010
204,RE04DXHERXR4AXXL4XXK,2014-08-19,,P040149900002010
205,RE04DXHERXR4AXXL4XXK,2014-08-19,,P040149900002010
206,RE04DXHERXR4AXXL4XXK,2014-08-19,,P040149900002010
207,RE04DXHERXR4AXXL4XXK,2014-08-19,,P040149956003060
208,RE04DXHERXR4AXXL4XXK,2014-08-19,,P040149956003020
209,RE04DXHERXR4AXXL4XXK,2014-08-19,,P040149956003020
210,RE04DXHERXR4AXXL4XXK,2014-08-19,,P040149956003020
211,RE04DXHERXR4AXXL4XXK,2014-08-19,,P040149956003050
212,RE06CXHERXX4AXXL4XXK,2014-08-22,,P040149900002010
213,RE06CXHERXX4AXXL4XXK,2014-08-22,,P040149900002010
214,RE06CXHERXX4AXXL4XXK,2014-08-22,,P040149900002010
215,RE16NXHERXR4AXXL4XXV,2014-08-26,,P040149954001040
216,RE16NXHERXR4AXXL4XXV,2014-08-26,,P040149954001040
217,RE16NXHERXR4AXXL4XXV,2014-08-26,,P040149954001040
218,RE16NXHERXR4AXXL4XXV,2014-08-26,,P040149954001040
219,RE16NXHERXR4AXXL4XXV,2014-08-26,,P040149954001040
220,RE16NXHERXR4AXXL4XXV,2014-08-26,,P040149954001090
221,RE16NXHERXR4AXXL4XXV,2014-08-26,,P040149954001090
222,RE16NXHERXR4AXXL4XXV,2014-08-26,,P04014995400106
223,RE16NXHERXR4AXXL4XXV,2014-08-26,,P04014995400108
224,RE16NXHERXR4AXXL4XXV,2014-08-26,,P04014995400102
225,RE16NXHERXR4AXXL4XXV,2014-08-26,,P04014995400112
226,RE16NXHERXR4AXXL4XXV,2014-08-26,,P04014995400105
227,RFBH2HER5R4CXXL3XX,2014-09-05,FALSE,1.23457E+12
228,RE16NXHERXR4AXXL4XXV,2014-09-05,,P040149954001100
229,RE16NXHERXR4AXXL4XXV,2014-09-05,,P040149954001100
230,,2014-09-05,,
231,R3FLH2HERXR4AXXL4XXO,2014-09-12,FALSE,P040154802001010
232,R3FLH2HERXR4AXXL4XXO,2014-09-12,FALSE,P040154802001010
233,R3FLH2HERXR47XXL4XXO,2014-09-12,FALSE,P040154802001010
234,R3FLH2HERXR47XXL4XXO,2014-09-12,FALSE,P040154802001010
235,R3FLH2HERXR47XXL4XXO,2014-09-12,FALSE,P040154802001010
236,RE16OXHERXR4AXXL4XXV,2014-09-17,,P040149954001030
237,RE16OXHERXR4AXXL4XXV,2014-09-17,,P040149954001030
238,RE16OXHERXR4AXXL4XXV,2014-09-17,,P040149954001030
239,RE16OXHERXR4AXXL4XXV,2014-09-17,,P040149954001100
240,RE16OXHERXR4AXXL4XXV,2014-09-17,,P040149954001100
241,RE16OXHERXR47XXL4XXV,2014-09-17,,P040149954001100
242,RE16OXHERXR47XXL4XXV,2014-09-17,,P040149954001130
243,RE16OXHERXR47XXL4XXV,2014-09-17,,P040149954001130
244,RE16OXHERXR47XXL4XXV,2014-09-17,,P040149954001130
245,RE16OXHERXR47XXL4XXV,2014-09-17,,P040149954001070
246,RE16OXHERXR4AXXL4XXV,2014-09-17,,P040149954001140
247,RE16OXHERXR47XXL4XXV,2014-09-17,,P040149954001110
248,RE16OXHERXR4AXXL4XXV,2014-09-17,,P040149954001110
249,RE16OXHERXR4AXXL4XXV,2014-09-17,,P040149954001010
250,RE16OXHERXR4AXXL4XXV,2014-09-17,,P040149954001110
251,RE16OXHERXR4AXXL4XXV,2014-09-17,,P040149954001070
252,RE16OXHERXR4AXXL4XXV,2014-09-17,,P040149954001130
253,RE16OXHERXR4AXXL4XXV,2014-09-17,,P040149954001100
254,R3FLH2HERXR4AXXL4XXO,2014-09-19,FALSE,P040154802001020
255,R3OP1XXXXX2AXXL3XXV,2014-09-25,FALSE,P040152318003010
256,R3FLG2HERXR4AXXL4XXO,2014-09-25,FALSE,P040154802001030
257,R3HOQ2XXXXX2AXXL3XXV,2014-09-25,FALSE,P040152318003010
258,REELEXHERXR4AXXL4XXK,2014-10-14,FALSE,P040149955002010
259,REELEXHERXR4AXXL4XXK,2014-10-14,FALSE,P040149955002010
260,REDLEXHERXR4AXXL4XXC,2014-10-14,FALSE,P040149956003040
261,REDLEXHERXR4AXXL4XXC,2014-10-14,FALSE,P040149956003010
262,REDLEXHERXR4AXXL4XXC,2014-10-14,FALSE,P040149956003030
263,REDLEXHERXR4AXXL4XXC,2014-10-14,FALSE,P040149956003030
264,R3FLK3HERXR4AXXL3X6O,2014-10-24,TRUE,P040157639001040
265,R3FLK3HERXR4AXXL3X6O,2014-10-24,TRUE,
266,R3FLK3HERXR4AXXL3X6O,2014-10-24,TRUE,P040157639001100
267,R3FLK3HERXR4AXXL3X6O,2014-10-24,TRUE,P040157639001110
268,R3FLK3HERXR4AXXL3X6O,2014-10-24,TRUE,P040157639001050
269,R3FLK3HERXR4AXXL3X6O,2014-10-24,TRUE,P040157639001070
270,R3FLK3HERXR4AXXL3X6O,2014-10-24,TRUE,P040157639001020
271,R3FLK3HERXR4AXXL3X6O,2014-10-24,TRUE,P040157639001010
272,R3FLK3HERXR4AXXL3X6O,2014-10-24,TRUE,P040157639001010
273,R3FLK3HERXR4AXXL3X6O,2014-10-24,TRUE,P040157639001010
274,R3FLK3HERXR4AXXL3X6O,2014-10-24,TRUE,P040157639001010
275,R3FLK3HERXR4AXXL3X6O,2014-10-24,TRUE,P040157639001010
276,R3FLK3HERXR4AXXL3X6O,2014-10-24,TRUE,P040157639001010
277,R3FLK3HERXR4AXXL3X6O,2014-10-24,TRUE,P040157639001010
278,R3FLK3HERXR4AXXL3X6O,2014-10-24,TRUE,P040157639001010
279,R3FLK3HERXR4AXXL3X6O,2014-10-24,TRUE,P040157639001010
280,R3FLK3HERXR4AXXL3X6O,2014-10-24,TRUE,P040157639001010
281,R3FLK3HERXR4AXXL3X6O,2014-10-24,TRUE,P040157639001010
282,R3FLK3HERXR4AXXL3X6O,2014-10-24,TRUE,P040157639001010
283,R3FLK3HERXR4AXXL3X6O,2014-10-24,TRUE,P040157639001010
284,R3FLK3HERXR4AXXL3X6O,2014-10-24,TRUE,P040157639001030
285,R3FLK3HERXR4AXXL3X6O,2014-10-24,TRUE,P040157639001080
286,R3FLK3HERXR4AXXL3X6O,2014-10-24,TRUE,P040157639001060
287,XXXXXXXXXXXXXXXXXXXX,2014-10-30,FALSE,XXXXXXXXXXXXXXXX
288,R106DXXXXXXXXXXXXXXX,2014-10-30,FALSE,XXXXXXXXXXXXXXXX
289,R106CXEERXX4AXXL3XXK,2014-11-08,TRUE,P040157463001090
290,R106CXEERXX4AXXL3XXK,2014-11-08,TRUE,611000002482-002
291,R106CXEERXX4AXXL3XXK,2014-11-08,TRUE,6.11E+14
292,R106CXEERXX4AXXL3XXK,2014-11-08,TRUE,P040157463001110
293,R106CXEERXX4AXXL3XXK,2014-11-08,TRUE,P040157463001070
294,R106CXEERXX4AXXL3XXK,2014-11-08,TRUE,P040157463001080
295,R106CXEERXX4AXXL3XXK,2014-11-08,TRUE,P040157463001010
296,R106CXEERXX4AXXL3XXK,2014-11-08,TRUE,P040157463001130
297,R106CXEERXX4AXXL3XXK,2014-11-08,TRUE,P040157463001120
298,R106CXEERXX4AXXL3XXK,2014-11-08,TRUE,P040157463001040
299,R106CXEERXX4AXXL3XXK,2014-11-08,TRUE,P040157463001060
300,R106CXEERXX4AXXL3XXK,2014-11-08,TRUE,P040157463001100
301,R106CXEERXX4AXXL3XXK,2014-11-08,TRUE,P040157463001050
302,R106CXEERXX4AXXL3XXK,2014-11-08,TRUE,P040157463001030
303,R106CXEERXX4AXXL3XXK,2014-11-08,TRUE,P040157463001020
304,R3FLK3HERXR47XXL3X6O,2014-11-21,TRUE,611000002991-004
305,R3FLK3HERXR47XXL3X6O,2014-11-21,TRUE,611000002991-008
306,R3FLK3HERXR47XXL3X6O,2014-11-21,TRUE,611000002991-002
307,R3FLK3HERXR47XXL3X6O,2014-11-21,TRUE,611000002991-001
308,R3FLK3HERXR47XXL3X6O,2014-11-21,TRUE,611000002816-004
309,R3FLK3HERXR47XXL3X6O,2014-11-21,TRUE,611000002816-010
310,R3FLK3HERXR47XXL3X6O,2014-11-21,TRUE,611000002991-006
311,R3FLK3HERXR47XXL3X6O,2014-11-21,TRUE,611000002816-003
312,R3FLK3HERXR47XXL3X6O,2014-11-21,TRUE,611000002991-005
313,R3FLK3HERXR47XXL3X6O,2014-12-02,TRUE,611000002816-001
314,R3FLK3HERXR47XXL3X6O,2014-12-04,TRUE,611000002991-009
315,R3FLK3HERXR47XXL3X6O,2014-12-04,TRUE,611000002816-006
316,R3FLK3HERXR47XXL3X6O,2014-12-04,TRUE,611000002816-002
317,R3FLK3HERXR47XXL3X6O,2014-12-04,TRUE,611000002816-005
318,R3FLK3HERXR47XXL3X6O,2014-12-04,TRUE,611000002816-007
319,R3FLK3HERXR47XXL3X6O,2014-12-04,TRUE,611000002991-007
320,R3FLK3HERXR47XXL3X6O,2014-12-05,TRUE,611000002991-010
321,R3FLK3HERXR47XXL3X6O,2014-12-05,TRUE,611000002816-009
322,R3FLK3HERXR47XXL3X6O,2014-12-05,TRUE,611000002816-008
323,R3FLK3HERXR47XXL3X6O,2014-12-05,TRUE,611000002991-003
324,R106CXJGRXX4AXXL8XXK,2014-12-18,,611000007416-001
325,R106CXJGRXX4AXXL8XXK,2014-12-18,,611000007416-001
326,R106CXJGRXX4AXXL8XXK,2014-12-18,,611000007416-001
327,R106CXJGRXX4AXXL8XXK,2014-12-18,,611000007416-001
328,R106CXJGRXX4AXXL8XXK,2014-12-18,,611000007416-001
329,R106CXJGRXX4AXXL8XXK,2014-12-18,,611000007416-001
330,R106CXJGRXX4AXXL8XXK,2014-12-18,,611000007416-001
331,R1HRQ4XXXXR4XXXL4X5V,2014-12-22,FALSE,611000002421-001
332,R3HRQ4XXXXR4XXXL4X5V,2014-12-22,FALSE,611000002421-001
333,R3FLK4XXXXR2XXXL4XXO,2014-12-29,TRUE,611000008626-001
334,R3FLK4XXXXR2XXXL4XXO,2014-12-29,TRUE,611000008626-001
335,R3FLK4XXXXR2XXXL4XXO,2014-12-29,TRUE,611000008626-001
336,R3FLK4XXXXR2XXXL4XXO,2014-12-29,TRUE,611000008626-002
337,R3FLK3XXXXR2XXXL4XXO,2014-12-30,TRUE,611000008626-002
338,R3FLK3XXXXR2XXXL4XXO,2014-12-30,TRUE,611000008626-001
339,R106CXERRXX4AXXL3XXK,2015-01-12,FALSE,P04012614601A130
340,R106CXERRXX4AXXL3XXK,2015-01-12,FALSE,P04012614601A130
341,R106CXERRXX4AXXL3XXK,2015-01-12,FALSE,P04012614601A130
342,R106CXERRXX4AXXL3XXK,2015-01-12,FALSE,
343,R106CXERRXX4AXXL3XXK,2015-01-12,,
344,R106CXERRXX4AXXL3XXK,2015-01-12,,P0401261460A150
345,R106CXERRXX4AXXL3XXK,2015-01-12,,P0401261460A150
346,R106CXERRXX4AXXL3XXK,2015-01-12,,P0401261460A110
347,R106CXERRXX4AXXL3XXK,2015-01-12,,P0401261460A100
348,R106CXERRXX4AXXL3XXK,2015-01-12,,P04012614601A150
349,R106CXERRXX4AXXL3XXK,2015-01-12,,P04012614601A110
350,R106CXERRXX4AXXL3XXK,2015-01-12,,P04012614601A100
351,R106CXERRXX4AXXL3XXK,2015-01-12,,P04012614601A060
352,R106CXERRXX4AXXL3XXK,2015-01-12,,P04012614601A080
353,R106CXERRXX4AXXL3XXK,2015-01-12,,P04012614601A160
354,R106CXERRXX4AXXL3XXK,2015-01-12,,P04012614601A090
355,R106CXERRXX4AXXL3XXK,2015-01-12,,P04012614601A050
356,R106CXERRXX4AXXL3XXK,2015-01-12,,P04012614601A070
357,R106CXERRXX4AXXL3XXK,2015-01-12,,P04012614601A030
358,R106CXERRXX4AXXL3XXK,2015-01-12,,P04012614601A010
359,R106CXERRXX4AXXL3XXK,2015-01-12,,P04012614601A020
360,R106CXERRXX4AXXL3XXK,2015-01-12,,P04012614601A120
361,R106CXERRXX4AXXL3XXK,2015-01-12,,P04012614601A230
362,R106CXERRXX4AXXL3XXK,2015-01-12,,P04012614601A220
363,R106CXERRXX4AXXL3XXK,2015-01-12,,P04012614601A250
364,R106CXERRXX4AXXL3XXK,2015-01-12,,P04012614601A200
365,R106CXERRXX4AXXL3XXK,2015-01-12,,P04012614601A240
366,R106CXERRXX4AXXL3XXK,2015-01-12,,P04012614601A210
367,R106CXERRXX4AXXL3XXK,2015-01-12,,P04012614601A040
368,R106CXERRXX4AXXL3XXK,2015-01-12,,P04012614601A140
369,R106CXERRXX4AXXL3XXK,2015-01-12,,P04012614601A170
370,R106CXERRXX4AXXL3XXK,2015-01-12,,P04012614601A190
371,R106CXERRXX4AXXL3XXK,2015-01-12,,P04012614601A180
372,R106CXERRXX4AXXL3XXK,2015-01-13,,
373,R106CXERRXX4AXXL3XXK,2015-01-13,,
374,R106CXERRXX4AXXL3XXK,2015-01-13,,
375,R106CXERRXX4AXXL3XXK,2015-01-13,,
376,R106CXERRXX4AXXL3XXK,2015-01-13,,
377,R106CXERRXX4AXXL3XXK,2015-01-13,,
378,R106CXERRXX4AXXL3XXK,2015-01-13,,
379,R106CXERRXX4AXXL3XXK,2015-01-13,,
380,R106CXERRXX4AXXL3XXK,2015-01-13,,
381,R106CXERRXX4AXXL3XXK,2015-01-13,,
382,R106CXERRXX4AXXL3XXK,2015-01-13,,
383,R106CXERRXX4AXXL3XXK,2015-01-13,,
384,R106CXERRXX4AXXL3XXK,2015-01-13,,
385,R106CXERRXX4AXXL3XXK,2015-01-13,,
386,R106CXERRXX4AXXL3XXK,2015-01-13,,
387,R106CXERRXX4AXXL3XXK,2015-01-13,,
388,R106CXERRXX4AXXL3XXK,2015-01-13,,
389,R106CXERRXX4AXXL3XXK,2015-01-13,,
390,R106CXERRXX4AXXL3XXK,2015-01-13,,
391,R106CXERRXX4AXXL3XXK,2015-01-13,,
392,R106CXERRXX4AXXL3XXK,2015-01-13,,
393,R106CXERRXX4AXXL3XXK,2015-01-13,,
394,R106CXERRXX4AXXL3XXK,2015-01-13,,
395,R106CXERRXX4AXXL3XXK,2015-01-13,,
396,R106CXERRXX4AXXL3XXK,2015-01-13,,
397,R106CXERRXX4AXXL3XXK,2015-01-13,,
398,R106CXERRXX4AXXL3XXK,2015-01-13,,
399,R106CXERRXX4AXXL3XXK,2015-01-13,,
400,R106CXERRXX4AXXL3XXK,2015-01-13,,
401,R106CXERRXX4AXXL3XXK,2015-01-13,,
402,R106CXERRXX4AXXL3XXK,2015-01-13,,
403,R106CXERRXX4AXXL3XXK,2015-01-13,,
404,R106CXERRXX4AXXL3XXK,2015-01-13,,
405,R106CXERRXX4AXXL3XXK,2015-01-13,,
406,R106CXERRXX4AXXL3XXK,2015-01-13,,
407,R106CXERRXX4AXXL3XXK,2015-01-13,,
408,R106CXERRXX4AXXL3XXK,2015-01-13,,
409,R106CXERRXX4AXXL3XXK,2015-01-13,,
410,R106CXERRXX4AXXL3XXK,2015-01-13,,
411,R106CXERRXX4AXXL3XXK,2015-01-13,,
412,R106CXERRXX4AXXL3XXK,2015-01-13,,
413,R106CXERRXX4AXXL3XXK,2015-01-13,,
414,R106CXERRXX4AXXL3XXK,2015-01-13,,
415,R106CXERRXX4AXXL3XXK,2015-01-13,,
416,R106CXERRXX4AXXL3XXK,2015-01-13,,
417,R106CXERRXX4AXXL3XXK,2015-01-13,,
418,R106CXERRXX4AXXL3XXK,2015-01-13,,
419,R106CXERRXX4AXXL3XXK,2015-01-13,,
420,R106CXERRXX4AXXL3XXK,2015-01-13,,
421,R106CXERRXX4AXXL3XXK,2015-01-13,,
422,R106CXERRXX4AXXL3XXK,2015-01-13,,
423,R1HBOXHER5R4CKXL3XXO,2015-01-13,FALSE,
424,R1HBOXHER5R4CKXL3XXO,2015-01-13,FALSE,P04014379204A010
425,R1HBOXHER5R4CKXL3XXO,2015-01-13,FALSE,P04014379204B010
426,R1EBDXHER5R4CKXL3XXK,2015-01-13,FALSE,P040142766008030
427,R1EBDXHER5R4CKXL3XXK,2015-01-13,FALSE,P040142766008030
428,R1EBDXHER5R4CKXL3XXK,2015-01-13,FALSE,P040142766008030
429,R1EBDXHER5R4CKXL3XXK,2015-01-13,FALSE,P040142766008030
430,R1EBDXHER5R4CKXL3XXK,2015-01-13,FALSE,P040142766008030
431,R1EBDXHER5R4CKXL3XXK,2015-01-13,FALSE,P040142766008030
432,R1EBDXHER5R4CKXL3XXK,2015-01-13,FALSE,P040142766008030
433,R1EBDXHER5R4CKXL3XXK,2015-01-13,FALSE,P040142766008030
434,R1EBDXHER5R4CKXL3XXK,2015-01-13,FALSE,P04014633908A010
435,R1EBDXHER5R4CKXL3XXK,2015-01-13,FALSE,P040144276600804
436,R1EBDXHER5R4CKXL3XXK,2015-01-13,FALSE,P04014276600802
437,R1EBDXHER5R4CKXL3XXK,2015-01-13,FALSE,P040142766008010
438,R1EBDXHER5R4CKXL3XXK,2015-01-13,FALSE,P040142766008020
439,R1EBDXHER5R4CKXL3XXK,2015-01-13,FALSE,P040142766008040
440,R1EBDXHER5R4CKXL3XXK,2015-01-13,FALSE,P04014633908A010
441,R1EBDXHER5R4CKXL3XXK,2015-01-13,FALSE,P040142766008030
442,R3FBH2HER5R4CKXL3XXO,2015-01-13,FALSE,P04014634112B010
443,R3FBH2HER5R4CKXL3XXO,2015-01-13,FALSE,P040142767012020
444,R3FBH2HER5R4CKXL3XXO,2015-01-13,FALSE,P040142767012010
445,R3FBH2HER5R4CKXL3XXO,2015-01-13,FALSE,P040142767012020
446,R3FBH2HER5R4CKXL3XXO,2015-01-13,FALSE,P040142767012020
447,R3FBH2HER5R4CKXL3XXO,2015-01-13,FALSE,P040142767012020
448,R3FBH2HER5R4CKXL3XXO,2015-01-13,FALSE,P040142767012020
449,R3FBH2HER5R4CKXL3XXO,2015-01-13,FALSE,P040142767012020
450,RE06DXEERXX4CXXL3XXF,2015-01-14,FALSE,P040131270003060
451,RE06DXEERXX4CXXL3XXF,2015-01-14,FALSE,P040131270003050
452,RE06DXEERXX4CXXL3XXF,2015-01-14,FALSE,P040131270003040
453,RE06DXEERXX4CXXL3XXF,2015-01-14,FALSE,P040131270003030
454,RE06DXEERXX4CXXL3XXF,2015-01-14,FALSE,P040131270003020
455,RE06DXEERXX4CXXL3XXF,2015-01-14,FALSE,P040131270003010
456,RE06DXEERXX4CXXL3XXH,2015-01-14,FALSE,P040131269002020
457,RE06DXEERXX4CXXL3XXH,2015-01-14,FALSE,P040131269002010
458,RE06DXEERXX4CXXL3XXK,2015-01-14,FALSE,P040131270004010
459,R006CXXXRXX2XXXL3T2B,2015-01-15,FALSE,P04013877005010
460,R006CXXXRXX2XXXL3T2F,2015-01-15,FALSE,P04013877005010
461,R006CXXXRXX2XXXL3T2F,2015-01-15,FALSE,P04013877004050
462,R006CXXXRXX2XXXL3T2F,2015-01-15,FALSE,P04013877004040
463,R006CXXXRXX2XXXL3T2F,2015-01-15,FALSE,P04013877004030
464,R006CXXXRXX2XXXL3T2F,2015-01-15,FALSE,P04013877004020
465,R006CXXXRXX2XXXL3T2F,2015-01-15,FALSE,P04013877004010
466,R006CXXXRXX2XXXL3T2B,2015-01-15,FALSE,P040138778005010
467,R006CXXXRXX2XXXL3T2F,2015-01-15,FALSE,P040138777004050
468,R006CXXXRXX2XXXL3T2F,2015-01-15,FALSE,P040138777004040
469,R006CXXXRXX2XXXL3T2F,2015-01-15,FALSE,P040138777004030
470,R006CXXXRXX2XXXL3T2F,2015-01-15,FALSE,P040138777004020
471,R006CXXXRXX2XXXL3T2F,2015-01-15,FALSE,P040138777004010
472,R006CXXXRXX2XXXL3T2H,2015-01-15,FALSE,P040138776003040
473,R006CXXXRXX2XXXL3T2H,2015-01-15,FALSE,P040138776003030
474,R006CXXXRXX2XXXL3T2H,2015-01-15,FALSE,P040138776003020
475,R006CXXXRXX2XXXL3T2H,2015-01-15,FALSE,P040138776003010
476,R006CXXXRXX2XXXL3T2K,2015-01-15,FALSE,P040138775002150
477,R006CXXXRXX2XXXL3T2K,2015-01-15,FALSE,P040138775002140
478,R006CXXXRXX2XXXL3T2K,2015-01-15,FALSE,P040138775002130
479,R006CXXXRXX2XXXL3T2K,2015-01-15,FALSE,P040138775002120
480,R006CXXXRXX2XXXL3T2K,2015-01-15,FALSE,P040138775002110
481,R006CXXXRXX2XXXL3T2K,2015-01-15,FALSE,P040138775002100
482,R006CXXXRXX2XXXL3T2K,2015-01-15,FALSE,P040138775002090
483,R006CXXXRXX2XXXL3T2K,2015-01-15,FALSE,P040138775002080
484,R006CXXXRXX2XXXL3T2K,2015-01-15,FALSE,P040138775002070
485,R006CXXXRXX2XXXL3T2K,2015-01-15,FALSE,P040138775002070
486,R006CXXXRXX2XXXL3T2K,2015-01-15,FALSE,P040138775002070
487,R006CXXXRXX2XXXL3T2K,2015-01-15,FALSE,P040138775002070
488,R006CXXXRXX2XXXL3T2K,2015-01-15,FALSE,P040138775002060
489,R006CXXXRXX2XXXL3T2K,2015-01-15,FALSE,P040138775002050
490,R006CXXXRXX2XXXL3T2K,2015-01-15,FALSE,P040138775002040
491,R006CXXXRXX2XXXL3T2K,2015-01-15,FALSE,P040138775002030
492,R006CXXXRXX2XXXL3T2K,2015-01-15,FALSE,P040138775002020
493,R006CXXXRXX2XXXL3T2K,2015-01-15,FALSE,P040138775002010
494,RE06DXEERXX4CXXL3XXK,2015-01-15,FALSE,P0401057801A010
495,RE06DXEERXX4CXXL3XXK,2015-01-15,FALSE,P0401057801A020
496,RE06DXEERXX4CXXL3XXK,2015-01-15,FALSE,P0401057801A030
497,RE06DXEERXX4CXXL3XXK,2015-01-15,FALSE,P0401057801A040
498,RE06DXEERXX4CXXL3XXK,2015-01-15,FALSE,P0401057801A050
499,RE06DXEERXX4CXXL3XXK,2015-01-15,FALSE,P0401057801A060
500,RE06DXEERXX4CXXL3XXK,2015-01-15,FALSE,P0401057801A070
501,RE06DXEERXX4CXXL3XXK,2015-01-15,FALSE,P0401057801A080
502,RE06DXEERXX4CXXL3XXK,2015-01-15,FALSE,P0401057801A090
503,RE06DXEERXX4CXXL3XXK,2015-01-15,FALSE,P0401057801A100
504,RE06DXEERXX4CXXL3XXK,2015-01-15,FALSE,P0401057801A110
505,RE06DXEERXX4CXXL3XXK,2015-01-15,FALSE,P0401057801A120
506,RE06DXEERXX4CXXL3XXK,2015-01-15,FALSE,P0401057801A130
507,RE06DXEERXX4CXXL3XXK,2015-01-15,FALSE,P0401057801A140
508,RE06DXEERXX4CXXL3XXK,2015-01-15,FALSE,P0401057801A150
509,RE06DXEERXX4CXXL3XXK,2015-01-15,FALSE,P0401057801A160
510,RE06DXEERXX4CXXL3XXK,2015-01-15,FALSE,P0401057801A170
511,RE06DXEERXX4CXXL3XXK,2015-01-15,FALSE,P0401057801A180
512,RE06DXEERXX4CXXL3XXK,2015-01-15,FALSE,P0401057801A190
513,RE06DXEERXX4CXXL3XXK,2015-01-15,FALSE,P0401057801A200
514,RE06DXEERXX4CXXL3XXK,2015-01-15,FALSE,P0401057801A210
515,RE06DXEERXX4CXXL3XXK,2015-01-15,FALSE,P0401057801A220
516,RE06DXEERXX4CXXL3XXK,2015-01-15,FALSE,P0401057801A230
517,RE06DXHER5R4CKXL3XXK,2015-01-15,FALSE,P04014276600805
518,RE06DXHER5R4CKXL3XXK,2015-01-15,FALSE,P04014276600805
519,R106DXHER5R4CKXL3XXK,2015-01-16,FALSE,
520,R106DXHER5R4CKXL3XXK,2015-01-16,FALSE,
521,R106DXHER5R4CKXL3XXK,2015-01-16,FALSE,
522,RE06DXHER5R4CKXL3XXK,2015-01-16,FALSE,
523,RE06DXHER5R4CKXL3XXK,2015-01-16,FALSE,
524,RE06DXHER5R4CKXL3XXK,2015-01-16,FALSE,
525,RE06DXHER5R4CKXL3XXK,2015-01-16,FALSE,
526,RE06DXHER5R4CKXL3XXK,2015-01-16,FALSE,
527,RE06DXHER5R4CKXL3XXK,2015-01-16,FALSE,
528,RE06DXHER5R4CKXL3XXK,2015-01-16,FALSE,
529,RE06DXHER5R4CKXL3XXK,2015-01-16,FALSE,
530,RE06DXHER5R4CKXL3XXK,2015-01-16,FALSE,
531,RE06DXHER5R4CKXL3XXK,2015-01-16,FALSE,
532,RE06DXHER5R4CKXL3XXK,2015-01-16,FALSE,
533,RE06DXHER5R4CKXL3XXK,2015-01-16,FALSE,
534,RE06DXHER5R4CKXL3XXK,2015-01-16,FALSE,
535,RE06DXHER5R4CKXL3XXK,2015-01-16,FALSE,
536,RE06DXHER5R4CKXL3XXK,2015-01-16,FALSE,
537,RE06DXHER5R4CKXL3XXK,2015-01-16,FALSE,
538,RE06DXHER5R4CKXL3XXK,2015-01-16,FALSE,
539,RE06DXHER5R4CKXL3XXK,2015-01-16,FALSE,
540,RE06DXHER5R4CKXL3XXK,2015-01-16,FALSE,
541,RE06DXHER5R4CKXL3XXK,2015-01-16,FALSE,
542,RE06DXHER5R4CKXL3XXK,2015-01-16,FALSE,
543,RE06DXHER5R4CKXL3XXK,2015-01-16,FALSE,
544,RE06DXHER5R4CKXL3XXK,2015-01-16,FALSE,
545,RE06DXHER5R4CKXL3XXK,2015-01-16,FALSE,
546,RE06DXHER5R4CKXL3XXK,2015-01-16,FALSE,
547,RE06DXHER5R4CKXL3XXK,2015-01-16,FALSE,
548,RE06DXHER5R4CKXL3XXK,2015-01-16,FALSE,
549,RE06DXHER5R4CKXL3XXK,2015-01-16,FALSE,
550,RE06DXHER5R4CKXL3XXK,2015-01-16,FALSE,
551,RE06DXHER5R4CKXL3XXK,2015-01-16,FALSE,
552,RE06DXHER5R4CKXL3XXK,2015-01-16,FALSE,
553,RE06DXHER5R4CKXL3XXK,2015-01-16,FALSE,
554,RE06DXHER5R4CKXL3XXK,2015-01-16,FALSE,
555,RE06DXHER5R4CKXL3XXK,2015-01-16,FALSE,
556,RE06DXHER5R4CKXL3XXK,2015-01-16,FALSE,
557,R106CXHER5R4AKXL3XXK,2015-01-16,FALSE,
558,R106CXHER5R4AKXL3XXK,2015-01-16,FALSE,
559,R106CXHER5R4AKXL3XXK,2015-01-16,FALSE,
560,R106CXHER5R4AKXL3XXK,2015-01-16,FALSE,
561,R106CXHER5R4AKXL3XXK,2015-01-16,FALSE,
562,R106CXHER5R4AKXL3XXK,2015-01-16,FALSE,
563,R106CXHER5R4AKXL3XXK,2015-01-16,FALSE,
564,R106CXHER5R4AKXL3XXK,2015-01-16,FALSE,
565,R106CXHER5R4AKXL3XXK,2015-01-16,FALSE,
566,R106CXHER5R4AKXL3XXK,2015-01-16,FALSE,
567,R106CXHER5R4AKXL3XXK,2015-01-16,FALSE,
568,R106CXHER5R4AKXL3XXK,2015-01-16,FALSE,
569,R106CXHER5R4AKXL3XXK,2015-01-16,FALSE,
570,R106CXHER5R4AKXL3XXK,2015-01-16,FALSE,
571,R106CXHER5R4AKXL3XXK,2015-01-16,FALSE,
572,R106CXHER5R4AKXL3XXK,2015-01-16,FALSE,
573,R106CXHER5R4AKXL3XXK,2015-01-16,FALSE,
574,R106CXHER5R4AKXL3XXK,2015-01-16,FALSE,
575,R106CXHER5R4AKXL3XXK,2015-01-16,FALSE,
576,R106CXHER5R4AKXL3XXK,2015-01-16,FALSE,
577,R106CXHER5R4AKXL3XXK,2015-01-16,FALSE,
578,R106CXHER5R4AKXL3XXK,2015-01-16,FALSE,
579,R106CXHER5R4AKXL3XXK,2015-01-16,FALSE,
580,R106CXHER5R4AKXL3XXK,2015-01-16,FALSE,
581,R106CXHER5R4AKXL3XXK,2015-01-16,FALSE,
582,R106CXHER5R4AKXL3XXK,2015-01-16,FALSE,
583,R1HBOXHER5R4CKXL3XXO,2015-01-16,FALSE,
584,R1HBOXHER5R4CKXL3XXO,2015-01-16,FALSE,
585,R1EBDXHER5R4CKXL3XXK,2015-01-16,FALSE,
586,R1EBDXHER5R4CKXL3XXK,2015-01-16,FALSE,
587,R1EBDXHER5R4CKXL3XXK,2015-01-16,FALSE,
588,R1EBDXHER5R4CKXL3XXK,2015-01-16,FALSE,
589,R1EBDXHER5R4CKXL3XXK,2015-01-16,FALSE,
590,R3FBH2HER5R4CKXL3XXO,2015-01-16,FALSE,
591,R3FBH2HER5R4CKXL3XXO,2015-01-16,FALSE,
592,R3FBH2HER5R4CKXL3XXO,2015-01-16,FALSE,
593,R004DXXXXXX2XLXL3XXB,2015-01-20,FALSE,P04013990201010
594,R004DXXXXXX2XLXL3XXB,2015-01-22,FALSE,P04013990201010
595,R004DXXXXXX2XLXL3XXB,2015-01-22,FALSE,P04013990201010
596,R004DXXXXXX2XLXL3XXB,2015-01-22,FALSE,P04013990201020
597,R004DXXXXXX2XLXL3XXB,2015-01-22,FALSE,P04013990201030
598,R004DXXXXXX2XLXL3XXB,2015-01-22,FALSE,P04013990201040
599,R004DXXXXXX2XLXL3XXB,2015-01-22,FALSE,P04013990201010
600,R004DXXXXXX2XLXL3XXB,2015-01-22,FALSE,P04013990201020
601,R004DXXXXXX2XLXL3XXB,2015-01-22,FALSE,P04013990201030
602,R004DXXXXXX2XLXL3XXB,2015-01-22,FALSE,P04013990201040
603,R004DXXXXXX2XLXL3XXB,2015-01-22,FALSE,P04013990201050
604,R004DXXXXXX2XLXL3XXB,2015-01-22,FALSE,P04013990201060
605,R004DXXXXXX2XLXL3XXB,2015-01-22,FALSE,P04013990201070
606,R004DXXXXXX2XLXL3XXB,2015-01-22,FALSE,P04013990201080
607,R004DXXXXXX2XLXL3XXB,2015-01-22,FALSE,P04013990201090
608,R004DXXXXXX2XLXL3XXB,2015-01-22,FALSE,P04013990201100
609,R004DXXXXXX2XLXL3XXB,2015-01-22,FALSE,P04013990201110
610,R004DXXXXXX2XLXL3XXB,2015-01-22,FALSE,P04013990201120
611,R004DXXXXXX2XLXL3XXB,2015-01-22,FALSE,P04013990201130
612,R004DXXXXXX2XLXL3XXB,2015-01-22,FALSE,P04013990201140
613,R004DXXXXXX2XLXL3XXB,2015-01-22,FALSE,P04013990201150
614,R004DXXXXXX2XLXL3XXB,2015-01-22,FALSE,P04013990201160
615,R006DXXXXXX2XLXL3XXE,2015-01-22,FALSE,P040139903002010
616,R006DXXXXXX2XLXL3XXE,2015-01-22,FALSE,P040139903002020
617,R006DXXXXXX2XLXL3XXE,2015-01-22,FALSE,P040139903002030
618,R006DXXXXXX2XLXL3XXE,2015-01-22,FALSE,P040139903002040
619,R006DXXXXXX2XLXL3XXE,2015-01-22,FALSE,P040139903002050
620,R006DXXXXXX2XLXL3XXE,2015-01-22,FALSE,P040139903002060
621,R006DXXXXXX2XLXL3XXE,2015-01-22,FALSE,P040139903002070
622,R006DXXXXXX2XLXL3XXE,2015-01-22,FALSE,P040139903002080
623,R006DXXXXXX2XLXL3XXE,2015-01-22,FALSE,P040139903002090
624,R006DXXXXXX2XLXL3XXF,2015-01-22,FALSE,P040139904003010
625,R006DXXXXXX2XLXL3XXH,2015-01-22,FALSE,P040139905004010
626,R006DXXXXXX2XLXL3XXH,2015-01-22,FALSE,P040139905004020
627,R006DXXXXXX2XLXL3XXK,2015-01-22,FALSE,P04013990605010
628,R006DXXXXXX2XLXL3XXK,2015-01-22,FALSE,P04013990605020
629,R006DXXXXXX2XLXL3XXK,2015-01-22,FALSE,P04013990605030
630,R006DXXXXXX2XLXL3XXK,2015-01-22,FALSE,P04013990605040
631,R006DXXXXXX2XLXL3XXK,2015-01-22,FALSE,P04013990605050
632,R016NXXXXXX2XLXL3XXS,2015-01-22,FALSE,P040139908007010
633,R016NXXXXXX2XLXL3XXS,2015-01-22,FALSE,P040139908007020
634,R016NXXXXXX2XLXL3XXS,2015-01-22,FALSE,P040139908007030
635,R016NXXXXXX2XLXL3XXS,2015-01-22,FALSE,P040139908007040
636,R016NXXXXXX2XLXL3XXS,2015-01-22,FALSE,P040139908007050
637,R016NXXXXXX2XLXL3XXS,2015-01-22,FALSE,P040139908007060
638,R008NXXXXXX2XLXL3XXO,2015-01-22,FALSE,P040139907006010
639,RE16UXXXXXX2XXXL3XXV,2015-01-22,FALSE,P04014472701701
640,RE08SXXXXXX2XXXL3XXO,2015-01-22,FALSE,P04014472801801
641,RE08SXXXXXX2XXXL3XXK,2015-01-22,FALSE,P04014472901901
642,RE08SXXXXXX2XXXL3XXK,2015-01-22,FALSE,P04014472901902
643,RE08SXXXXXX2XXXL3XXK,2015-01-22,FALSE,P04014472901903
644,RE08SXXXXXX2XXXL3XXK,2015-01-22,FALSE,P04014472901904
645,RE08SXXXXXX2XXXL3XXH,2015-01-22,FALSE,P04014473002001
646,RE04GXXXXXX2XXXL3XXC,2015-01-22,FALSE,P04014473102101
647,RE04GXXXXXX2XXXL3XXC,2015-01-22,FALSE,P04014473102102
648,RE04GXXXXXX2XXXL3XXC,2015-01-22,FALSE,P04014473102103
649,RE04GXXXXXX2XXXL3XXC,2015-01-22,FALSE,P04014473102104
650,RE04GXXXXXX2XXXL3XXC,2015-01-22,FALSE,P04014473102105
651,RE04GXXXXXX2XXXL3XXC,2015-01-22,FALSE,P04014473102106
652,R1EGEXXXXXR4AXXL3XXK,2015-01-22,FALSE,611000010399-001
653,R1EGEXXXXXR4AXXL3XXK,2015-01-22,FALSE,611000010399-002
654,R1EBEXXXXXR4AXXL3XXK,2015-01-22,FALSE,611000010399-002
655,R1EBEXXXXXR4AXXL3XXK,2015-01-22,FALSE,611000010399-001
656,R3FLK3HERXR4AXXL3X6O,2015-02-05,TRUE,611000006492-007
657,R3FLK3HERXR4AXXL3X6O,2015-02-05,TRUE,611000006492-007
658,R3FLK3HERXR4AXXL3X6O,2015-02-05,TRUE,611000006492-007
659,R3FLK3HERXR4AXXL3X6O,2015-02-05,TRUE,611000006492-007
660,R3FLK3HERXR4AXXL3X6O,2015-02-05,TRUE,611000006492-007
661,R3FLK3HERXR47XXL3X6O,2015-02-05,TRUE,611000006492-007
662,R3FLK3HERXR47XXL3X6O,2015-02-05,TRUE,611000006492-004
663,R3FLK3HERXR47XXL3X6O,2015-02-05,TRUE,611000006492-004
664,R3FLK3HERXR47XXL3X6O,2015-02-05,TRUE,611000006492-009
665,R3FLK3HERXR47XXL3X6O,2015-02-05,TRUE,611000006492-006
666,R3FLK3HERXR47XXL3X6O,2015-02-05,TRUE,611000006492-008
667,R3FLK3HERXR47XXL3X6O,2015-02-05,TRUE,611000006492-010
668,R3FLK3HERXR47XXL3X6O,2015-02-05,TRUE,611000006492-003
669,R3FLK3HERXR47XXL3X6O,2015-02-05,TRUE,611000006492-005
670,R3FLK3HERXR47XXL3X6O,2015-02-11,TRUE,611000006492-002
671,R3FLK3HERXR47XXL3X6O,2015-02-11,TRUE,611000006492-001
672,RE06DXEERXX4AXXL3X6K,2015-02-26,,611000011052-001
673,R016MXXRXX2AXXL4T2V,2015-03-15,FALSE,P040152317001010
674,R106CXERRXX4AXXL3XXK,2015-03-27,FALSE,P04012614601A010
675,R106CXERRXX4AXXL3XXK,2015-03-27,FALSE,P04012614601A110
676,R3FGKXXXXR47XX4XO,2015-03-27,FALSE,611000016588-001
677,R106CXERRXX4AXXL3XXK,2015-03-27,FALSE,P04012614601A110
678,R106CXERRXX47XXL3XXK,2015-03-27,,
679,R106CXERRXX47XXL3XXK,2015-03-27,,
680,R3FLK3XXXR47XXL8XXO,2015-05-13,TRUE,611000018182-001
681,R3FLK3XXXR47XXL8XXO,2015-05-13,TRUE,611000018182-001
682,,2015-05-13,,
683,,2015-05-13,,
684,,2015-05-13,,
685,,2015-05-13,,
686,,2015-05-13,,
687,R3FLK3XXXR47XXL8XXO,2015-05-13,,
688,R3FLK3XXXXR47XXL8XXO,2015-05-13,TRUE,611000018182-001
689,R3FLK3XXXXR47XXL8XXO,2015-05-13,TRUE,611000018182-001
690,R3FLK3XXXR47XXL8XXO,2015-05-13,TRUE,611000018182-002
691,S3020N4HERXX4AXXLXXY,2015-05-14,FALSE,
692,S3020N4HERXX4AXXLXXY,2015-05-14,FALSE,
693,S3020UXHERXX4AXXL3XY,2015-05-15,FALSE,611000014282-001
694,RE06DX,2015-05-29,FALSE,
695,RE06DXHER5R4CKXL3XXK,2015-05-29,FALSE,P04014276600805
696,R6HOQ2ERMXR47XX8TV,2015-06-01,FALSE,611000018817-001
697,R6HOQ2ERMXR47XX8TV,2015-06-01,FALSE,611000018817-001
698,S308GXHERXX4AXX3XO,2015-06-03,FALSE,611000020259-001
699,S308GXHERXX4AXX3XO,2015-06-03,FALSE,611000020259-001
700,S308GXHERXX4AXX3XO,2015-06-03,FALSE,611000020259-001
701,R1HRP3HERXR4AXXL8X6L,2015-08-06,FALSE,611000021363-001
702,R1HRP3HERXR4AXXL8X6L,2015-08-06,FALSE,611000021363-001
703,R3HRP3HERXR4AXXL8X6V,2015-08-06,FALSE,611000021363-001
704,R3HRQ3HERXR4AXXL8X6L,2015-08-20,FALSE,611000021363-001
705,RE06CXEERXR4AXXL3X6K,2015-11-16,FALSE,4.01E+11
706,RE06CXEERXR4AXXL3X6K,2015-11-16,FALSE,4.01E+11
707,RE06CXEERXR4AXXL3X6K,2015-11-16,FALSE,4.01E+11
708,RE06CXEERXR4AXXL3X6K,2015-11-16,FALSE,4.01E+11
709,RE06CXEERXR4AXXL3X6K,2015-11-16,FALSE,4.01E+11
710,RE06CXEERXR4AXXL3X6K,2015-11-16,FALSE,4.01E+11
711,RE06CXEERXX4AXXL3X6K,2015-11-16,FALSE,4.01E+11
712,RE06CXEERXX4AXXL3X6K,2015-11-16,FALSE,4.01E+11
713,RE06CXEERXX4AXXL3X6K,2015-11-16,FALSE,4.01E+11
714,RE06CXEERXX4AXXL3X6K,2015-11-16,FALSE,4.01E+11
715,RE06CXEERXX4AXXL3X6K,2015-11-16,FALSE,4.01E+11
716,RE06CXEERXX4AXXL3X6K,2015-11-16,FALSE,4.01E+11
717,RE06CXEERXX4AXXL3X6K,2015-11-16,FALSE,4.01E+11
718,RE06CXEERXR4AXXL3X6K,2015-11-25,FALSE,4.01E+11
719,RE06CXEERXR4AXXL3X6K,2015-11-25,FALSE,4.01E+11
720,RE06DXXXRXX2AXX8CK,2015-12-28,FALSE,4.01E+11
721,RE06DXXXRXX2AXX8CK,2015-12-28,FALSE,4.01E+11
722,RE06DXXXRXX2AXX8CK,2015-12-28,TRUE,4.01E+11
723,R1EBCXXXXXR2AXXL3X1K,2016-02-10,FALSE,4.01E+11
724,R1EBCXXXXXR2AXXL3X1K,2016-02-10,FALSE,4.01E+11
725,R1EBCXXXXXR2AXXL3X1K,2016-02-10,FALSE,4.01E+11
726,R1EBCXXXXXR2AXXL3X1K,2016-02-10,FALSE,4.01E+11
727,R1E1CXERRXR4AXXL3X1D,2016-02-10,FALSE,4.01E+11
728,R1E1CXERRXR4AXXL3X1D,2016-02-10,FALSE,4.01E+11
729,R1E1CXERRXR4AXXL3X1D,2016-02-10,FALSE,4.01E+11
730,R1E1CXERRXR4AXXL3X1D,2016-02-10,FALSE,4.01E+11
731,R1E1EXERRXR4AXXL3X1D,2016-02-12,FALSE,4.01E+11
732,R1E1EXERRXR4AXXL3X1D,2016-02-12,FALSE,4.01E+11
733,R1E1EXERRXR4AXXL3X1D,2016-02-12,FALSE,4.01E+11
734,R1E1EXERRXR4AXXL3X1D,2016-02-12,FALSE,4.01E+11
735,R1E1EXERRXR4AXXL3X1D,2016-02-12,FALSE,4.01E+11
736,R1EBEXERRXR4AXXL3X1D,2016-02-12,FALSE,4.01E+11
737,R1EBEXERRXR4AXXL3X1D,2016-02-12,FALSE,4.01E+11
738,R1EBEXERRXR4AXXL3X1D,2016-02-12,FALSE,4.01E+11
739,R1EBEXERRXR4AXXL3X1D,2016-02-12,FALSE,4.01E+11
740,R1EBEXXXXXR2AXXL3X1K,2016-02-12,FALSE,4.01E+11
741,R1EBEXXXXXR2AXXL3X1K,2016-02-12,FALSE,4.01E+11
742,R1EBEXXXXXR2AXXL3X1K,2016-02-12,FALSE,4.01E+11
743,R1EBEXXXXXR2AXXL3X1K,2016-02-12,FALSE,4.01E+11
744,R3FLK3HERXR47XXL4X60,2016-03-01,TRUE,4.01E+11
745,R3FLK3HERXR47XXL4X60,2016-03-01,TRUE,401000091124-01
746,R3FLK3HERXR47XXL4X60,2016-03-01,TRUE,401000091124-01
747,R3FLK3HERXR47XXL4X60,2016-03-01,TRUE,401000091124-01
748,R3FLK3HERXR47XXL4X60,2016-03-01,TRUE,401000091124-01
749,R3FLK3HERXR47XXL4X60,2016-03-01,TRUE,4.01E+11
750,R3FLK3HERXR47XXL4X60,2016-03-01,TRUE,4.01E+11
751,R3FLK3HERXR47XXL4X60,2016-03-04,TRUE,4.01E+11
752,R3FLK3HERXR47XXL4X60,2016-03-04,TRUE,
753,R3FLKXXRXR4AXXL8XXO,2016-03-29,TRUE,4.01E+11
754,R3FLKXXRXR4AXXL8XXO,2016-03-29,TRUE,4.01E+11
755,R3FGKXXRXR4AXXL8XXO,2016-03-29,TRUE,4.01E+11
756,R006CXXXXXX47XXL8X6K,2016-04-08,TRUE,4.01E+11
757,R006CXXXXXX47XXL8X6K,2016-04-08,TRUE,4.01E+11
758,R006CXXXXXX47XXL8X6K,2016-04-08,TRUE,4.01E+11
759,R006CXXXXXX47XXL8X6K,2016-04-08,TRUE,4.01E+11
760,R006CXXXXXX47XXL8X6K,2016-04-08,TRUE,4.01E+11
761,R006CXXXXXX47XXL8X6K,2016-04-08,TRUE,4.01E+11
762,R006CXXXXXX47XXL8X6K,2016-04-08,TRUE,4.01E+11
763,R006CXXXXXX47XXL8X6K,2016-04-08,TRUE,4.01E+11
764,R3FLK3HERXR47XX4TO,2016-04-11,TRUE,4.01E+11
765,R3FLK3HERXR47XX4TO,2016-04-11,TRUE,4.01E+11
766,R3FLK3HERXR47XX4TO,2016-04-11,TRUE,4.01E+11
767,R3FLK3HERXR47XX4TO,2016-04-11,TRUE,4.01E+11
768,R3FLK3HERXR47XX4TO,2016-04-11,TRUE,4.01E+11
769,R3FLK3HERXR47XX4TO,2016-04-11,TRUE,4.01E+11
770,R3FLK3HERXR47XX4TO,2016-04-11,TRUE,4.01E+11
771,R3FLK3HERXR47XX4TO,2016-04-11,TRUE,4.01E+11
772,R3FLK3HERXR47XX4TO,2016-04-11,TRUE,4.01E+11
773,R3FLK3HERXR47XX4TO,2016-04-11,TRUE,4.01E+11
774,R3FLK3HERXR47XX4TO,2016-04-11,TRUE,4.01E+11
775,R3FLK3HERXR47XX4TO,2016-04-11,TRUE,4.01E+11
776,R3FLK3HERXR47XX4TO,2016-04-11,TRUE,4.01E+11
777,R3FLK3HERXR47XX4TO,2016-04-11,TRUE,4.01E+11
778,R3FLH1XXXXR4AXX8XO,2016-04-27,FALSE,4.01E+11
779,R3FLH1XXXXR4AXX8XO,2016-04-27,FALSE,4.01E+11
780,R6HRQ3HRMXR47XXL3XXV,2016-04-29,FALSE,4.01E+11
781,RE06CXEERXX4AXX3TF,2016-07-21,,4.01E+11
782,RE06CXEERXX4AXX3TF,2016-07-21,,4.01E+11
783,RE06CXEERXX4AXX3TF,2016-07-21,,4.01E+11
784,RE06CXEERXX4AXX3TF,2016-07-21,,4.01E+11
785,RE06CXEERXX4AXX3TF,2016-07-21,,4.01E+11
786,RE06CXEERXX4AXX3TF,2016-07-21,,4.01E+11
787,RE06CXEERXX4AXX3TF,2016-07-21,,4.01E+11
788,RE06CXEERXX4AXX3TF,2016-07-21,,4.01E+11
789,RE06CXEERXX4AXX3TH,2016-07-21,,4.01E+11
790,R006CX,2016-07-21,FALSE,
791,R006CX,2016-07-21,FALSE,
792,R006CX,2016-07-21,FALSE,
793,R006CX,2016-07-21,FALSE,
794,R006CX,2016-07-21,FALSE,
795,R006CX,2016-07-21,FALSE,
796,R006CX,2016-07-21,FALSE,
797,RE06CX,2016-07-21,FALSE,
798,RE06CX,2016-07-21,FALSE,
799,RE06CX,2016-07-21,FALSE,
800,RE06CX,2016-07-21,FALSE,
801,RE06CX,2016-07-21,FALSE,
802,RE06CX,2016-07-21,FALSE,
803,RE06CX,2016-07-21,FALSE,
804,RE06CXEERXX4AXX3TK,2016-07-22,,4.01E+11
805,RE06CXEERXX4AXX3TK,2016-07-22,,4.01E+11
806,RE06CXEERXX4AXX3TK,2016-07-22,,4.01E+11
807,RE06CXEERXX4AXX3TK,2016-07-22,,4.01E+11
808,RE06CXEERXX4AXX3TK,2016-07-22,,4.01E+11
809,RE06CXEERXX4AXX3TK,2016-07-22,,4.01E+11
810,RE06CXEERXX4AXX3TK,2016-07-22,,4.01E+11
811,RE06CXEERXX4AXX3TK,2016-07-22,,4.01E+11
812,R1EGEXXXXXR2AXX8XK,2016-08-15,,4.01E+11
813,R1EGEXXXXXR2AXX8XK,2016-08-15,,4.01E+11
814,R1EGEXXXXXR2AXX8XK,2016-08-15,,4.01E+11
815,R1EGEXXXXXR2AXX8XK,2016-08-15,,4.01E+11
816,R1EGEXXXXXR2AXX8XK,2016-08-15,,4.01E+11
817,R1EGEXXXXXR2AXX8XK,2016-08-15,,4.01E+11
818,R1EGEXXXXXR2AXX8XK,2016-08-15,,4.01E+11
819,R1EGEXXXXXR2AXX8XK,2016-08-15,,4.01E+11
820,R1EGEXXXXXR2AXX8XK,2016-08-15,,4.01E+11
821,R1EGEXXXXXR2AXX8XK,2016-08-15,,4.01E+11
822,R1EGEXXXXXR2AXX8XK,2016-08-15,,4.01E+11
823,R1EGEXXXXXR2AXX8XK,2016-08-15,,4.01E+11
824,R1EGEXXXXXR2AXX8XK,2016-08-15,,4.01E+11
825,R1EGEXXXXXR2AXX8XK,2016-08-15,,4.01E+11
826,R1EGEXXXXXR2AXX8XK,2016-08-15,,4.01E+11
827,R1EGEXXXXXR2AXX8XK,2016-08-15,,4.01E+11
828,R1EGEXXXXXR2AXX8XK,2016-08-15,,4.01E+11
829,R1EGEXXXXXR2AXX8XK,2016-08-15,,4.01E+11
830,R1EGEXXXXXR2AXX8XK,2016-08-15,,4.01E+11
831,,2016-08-15,,
832,,2016-08-15,,
833,,2016-08-15,,
834,R9HOQ6HERXJ6AXXLXXXV,2016-09-29,FALSE,4.01E+11
835,R9HOQ6HERXJ6AXXLXXXV,2016-09-29,FALSE,4.01E+11
836,R9HOQ6HERXJ6AXXLXXXV,2016-09-29,FALSE,4.01E+11
837,R1EEEXXXRXR2AXXL3XXD,2016-09-30,FALSE,4.01E+11
838,R1EEEXXXRXR2AXXL3XXD,2016-09-30,FALSE,
839,R8HRQ7XXRXR48XXL4X6O,2016-10-28,FALSE,4.01E+11
840,R8HRQ7XXRXR48XXL4X6O,2016-10-28,FALSE,4.01E+11
841,R8HRQ7XXRXR48XXL4X6O,2016-10-28,FALSE,4.01E+11
842,R8HRQ7XXRXR48XXL4X6O,2016-10-28,FALSE,4.01E+11
843,R8HRQ7XXRXR48XXL4X6O,2016-10-28,FALSE,4.01E+11
844,R8HRQ7XXRXR48XXL4X6O,2016-10-28,FALSE,4.01E+11
845,R8HRQ7XXRXR48XXL4X6O,2016-10-28,FALSE,4.01E+11
846,R8HRQ7XXRXR48XXL4X6O,2016-10-28,FALSE,4.01E+11
847,R8HRQ7XXRXR48XXL4X6O,2016-10-28,FALSE,4.01E+11
848,R8HRQ7XXRXR48XXL4X6O,2016-10-28,FALSE,4.01E+11
849,R8HRQ7XXRXR48XXL4X6O,2016-10-28,FALSE,4.01E+11
850,R8HRQ7XXRXR48XXL4X6V,2016-10-28,FALSE,4.01E+11
851,R8HRQ7XXRXR48XXL4X6V,2016-10-28,FALSE,4.01E+11
852,R8HRQ7XXRXR48XXL4X6V,2016-10-28,FALSE,4.01E+11
853,R8HRQ7XXRXR48XXL4X6S,2016-10-28,FALSE,4.01E+11
854,R8HRQ7XXRXR48XXL4X6S,2016-10-28,FALSE,4.01E+11
855,R8HRQ7XXRXR48XXL4X6S,2016-10-28,FALSE,4.01E+11
856,R8HRQ7XXRXR48XXL4X6S,2016-10-28,FALSE,4.01E+11
857,R8HRQ7XXRXR48XXL4X6S,2016-10-28,FALSE,4.01E+11
858,R8HRQ7XXRXR48XXL4X6S,2016-10-28,FALSE,4.01E+11
859,R8HRQ7XXRXR48XXL4X6S,2016-10-28,FALSE,4.01E+11
860,R8HRQ7XXRXR48XXL4X6S,2016-10-28,FALSE,4.01E+11
861,R8HRQ7XXRXR48XXL4X6S,2016-10-28,FALSE,4.01E+11
862,R8HRQ7XXRXR48XXL4X6V,2016-10-28,FALSE,4.01E+11
863,R2FLH2HERXR47XXL4XXK,2016-12-15,FALSE,4.01E+11
864,R2HOQ2HERXR47XXL4XXS,2016-12-15,FALSE,4.01E+11
865,R2HOQ2HERXR47XXL4XXS,2016-12-15,FALSE,4.01E+11
866,R2HOQ2HERXR47XXL4XXS,2016-12-15,FALSE,4.01E+11
867,R2HOQ2HERXR47XXL4XXS,2016-12-15,FALSE,4.01E+11
868,R2HOQ2HERXR47XXL4XXS,2016-12-15,FALSE,4.01E+11
869,R2HOQ2HERXR47XXL4XXS,2016-12-15,FALSE,4.01E+11
870,R2HOQ2HERXR47XXL4XXS,2016-12-15,FALSE,4.01E+11
871,R2HOQ2HERXR47XXL4XXS,2016-12-15,FALSE,4.01E+11
872,R2HOQ2HERXR47XXL4XXV,2016-12-15,FALSE,4.01E+11
873,R2HOQ2HERXR47XXL4XXV,2016-12-15,FALSE,4.01E+11
874,R2HOQ2HERXR47XXL4XXV,2016-12-15,FALSE,4.01E+11
875,R2HOQ2HERXR47XXL4XXV,2016-12-15,FALSE,4.01E+11
876,R2HOQ2HERXR47XXL4XXV,2016-12-15,FALSE,4.01E+11
877,R2HOQ2HERXR47XXL4XXV,2016-12-15,FALSE,4.01E+11
878,R2HOQ2HERXR47XXL4XXS,2016-12-15,FALSE,4.01E+11
879,R2HOQ2HERXR47XXL4XXS,2016-12-15,FALSE,4.01E+11
880,R2HOQ2HERXR47XXL4XXS,2016-12-15,FALSE,4.01E+11
881,R2HOQ2HERXR47XXL4XXV,2016-12-15,FALSE,4.01E+11
882,R2HOQ2HERXR47XXL4XXV,2016-12-15,FALSE,4.01E+11
883,R2HOQ2HERXR47XXL4XXV,2016-12-15,FALSE,4.01E+11
884,R2HOQ2HERXR47XXL4XXV,2016-12-15,FALSE,4.01E+11
885,REO6CXXXRXX2AXXL8X1K,2016-12-19,,4.01E+11
886,REO6CXXXRXX2AXXL8X1K,2016-12-19,,4.01E+11
887,REO6CXXXRXX2AXXL8X1K,2016-12-19,,4.01E+11
888,REO6CXXXRXX2AXXL8X1K,2016-12-19,,4.01E+11
889,,2016-12-21,FALSE,
890,,2016-12-21,FALSE,
891,,2016-12-21,FALSE,
892,,2016-12-21,FALSE,
893,,2016-12-21,FALSE,
894,,2016-12-21,FALSE,
895,,2016-12-21,FALSE,
896,R2HOQ2HERXR47XXL4XXS,2017-02-07,FALSE,4.01E+11
897,R2HOQ2HERXR47XXL4XXS,2017-02-07,FALSE,4.01E+11
898,R2HOQ2HERXR47XXL4XXS,2017-02-07,FALSE,4.01E+11
899,R2FLH2HERXR47XXL4XXK,2017-02-10,FALSE,4.01E+11
900,R2FLH2HERXR47XXL4XXK,2017-02-10,FALSE,
901,R3FLH3XXXXR27XX46O,2017-06-02,FALSE,4.01E+11
902,R3FLH3XXXXR27XX46O,2017-06-02,FALSE,4.01E+11
903,R3FLH3XXXXR27XX46O,2017-06-02,FALSE,4.01E+11
904,R3HOQ3XXXXR27XX46V,2017-06-02,FALSE,4.01E+11
905,R3FLK4XXXXR47XX82O,2017-06-14,TRUE,4.01E+11
906,R3FLK4XXXXR47XX82O,2017-06-14,TRUE,4.01E+11
907,R3FLK4XXXXR47XX82O,2017-06-14,TRUE,4.01E+11
908,R3FLK4XXXXR47XX82O,2017-06-14,TRUE,4.01E+11
909,R3FLK4XXXXR47XX82H,2017-06-14,TRUE,4.01E+11
910,S308GXHER4AXXL3XXO,2017-06-27,,4.01E+11
911,S308GXHER4AXXL3XXO,2017-06-27,,4.01E+11
912,S308GXHER4AXXL3XXO,2017-06-27,,4.01E+11
913,S308GXHER4AXXL3XXO,2017-06-27,,4.01E+11
914,S308GXHER4AXXL3XXO,2017-06-27,,4.01E+11
915,S308GXHER4AXXL3XXO,2017-06-27,,4.01E+11
916,S320UXHER4AXXL3XXY,2017-06-27,,4.01E+11
917,S320UXHER4AXXL3XXY,2017-06-27,,4.01E+11
918,REGLE1XXXXXXXXXXXXXX,2017-07-27,FALSE,4.01E+11
919,REGLE1XXXXXXXXXXXXXX,2017-07-27,FALSE,4.01E+11
920,REGLE1XXXXXXXXXXXXXX,2017-07-27,FALSE,4.01E+11
921,REGKA1XXXXXXXXXXXXXX,2017-07-27,FALSE,4.01E+11
922,REGKA1XXXXXXXXXXXXXX,2017-07-27,FALSE,4.01E+11
923,REGKA1XXXXXXXXXXXXXX,2017-07-27,FALSE,4.01E+11
924,REGKA1XXXXXXXXXXXXXX,2017-07-27,FALSE,4.01E+11
925,REGKA1XXXXXXXXXXXXXX,2017-07-27,FALSE,4.01E+11
926,REGKA1XXXXXXXXXXXXXX,2017-07-27,FALSE,4.01E+11
927,REGKA1XXXXXXXXXXXXXX,2017-07-27,FALSE,4.01E+11
928,REGLE1XXXXXXXXXXXXXX,2017-07-27,FALSE,4.01E+11
929,REGLE1XXXXXXXXXXXXXX,2017-07-27,FALSE,4.01E+11
930,REGLE1XXXXXXXXXXXXXX,2017-07-27,FALSE,4.01E+11
931,REGKA1XXXXXXXXXXXXXX,2017-07-27,FALSE,4.01E+11
932,REGKA1XXXXXXXXXXXXXX,2017-07-27,FALSE,4.01E+11
933,REGKA1XXXXXXXXXXXXXX,2017-07-27,FALSE,4.01E+11
934,REGKA1XXXXXXXXXXXXXX,2017-07-27,FALSE,4.01E+11
935,R9HOQ6HE15R6XX5LXXXX,2017-07-28,FALSE,4.01E+11
936,R9FLK6HE15R6XX5LXXXX,2017-07-28,FALSE,4.01E+11
937,R9FLK6HE15R6XX5LXXXX,2017-07-28,FALSE,4.01E+11
938,R9FLK6HE15R6XX5LXXXX,2017-07-28,FALSE,4.01E+11
939,R9FLK6HE15R6XX5LXXXX,2017-07-28,FALSE,4.01E+11
940,R9FLK6HE15R6XX5LXXXX,2017-07-28,FALSE,4.01E+11
941,R9FLK6HE15R6XX5LXXXX,2017-07-28,FALSE,4.01E+11
942,R9FLK6HE15R6XX5LXXXX,2017-07-28,FALSE,4.01E+11
943,R9FLK6HE15R6XX5LXXXX,2017-07-28,FALSE,4.01E+11
944,R9FLK6HE15R6XX5LXXXX,2017-07-28,FALSE,4.01E+11
945,R9FLK6HE15R6XX5LXXXX,2017-07-28,FALSE,4.01E+11
946,R9FLK6HE15R6XX5LXXXX,2017-07-28,FALSE,4.01E+11
947,R9FLK6HE15R6XX5LXXXX,2017-07-28,FALSE,4.01E+11
948,R9FLK6HE15R6XX5LXXXX,2017-07-28,FALSE,4.01E+11
949,R9FLK6HE15R6XX5LXXXX,2017-07-28,FALSE,4.01E+11
950,R9FLK6HE15R6XX5LXXXX,2017-07-28,FALSE,4.01E+11
951,R9FLK6HE15R6XX5LXXXX,2017-07-28,FALSE,4.01E+11
952,R9FLK6HE15R6XX5LXXXX,2017-07-28,FALSE,4.01E+11
953,R9FLK6HE15R6XX5LXXXX,2017-07-28,FALSE,4.01E+11
954,R3FEK1XXXXR2AXXL4XXO,2017-09-05,TRUE,4.01E+11
955,R3FEK1XXXXR2AXXL4XXO,2017-09-05,TRUE,4.01E+11
956,R7HOQ6XXXXR4AXXX3TS,2017-10-19,FALSE,4.01E+11
957,R7HOQ6XXXXR4AXXX3TS,2017-10-19,FALSE,4.01E+11
958,R7HOQ6XXXXR4AXXX3TS,2017-10-19,FALSE,4.01E+11
959,R7HOQ6XXXXR4AXXX3TS,2017-10-19,FALSE,4.01E+11
960,R7FLK6XXXXR4AXXL3X6O,2017-10-19,FALSE,4.01E+11
961,R7FLK6XXXXR4AXXL3X6S,2017-10-19,FALSE,4.01E+11
962,R7FLK6XXXXR4AXXL3X6S,2017-10-19,FALSE,4.01E+11
963,R7FLK6XXXXR4AXXL3X6S,2017-10-19,FALSE,4.01E+11
964,R7HOQ6XXXXR4AXXL3X6S,2017-10-19,FALSE,4.01E+11
965,R7HOQ6XXXXR4AXXL3X6S,2017-10-19,FALSE,4.01E+11
966,R7HOQ6XXXXR4AXXL3X6S,2017-10-19,FALSE,4.01E+11
967,R9FLK6HE15R6XX5LXXXX,2017-11-16,FALSE,4.01E+11
968,R9FLK6HE15R6XX5LXXXX,2017-11-16,FALSE,4.01E+11
969,R9FLK6HE15R6XX5LXXXX,2017-11-16,FALSE,4.01E+11
970,R7HOQ6XXXXR4AXXL3X6S,2017-11-16,FALSE,4.01E+11
971,R3FEK1XXXXR2AXXL4XXO,2017-11-16,TRUE,4.01E+11
972,S320UXHER4AXXL3XXY,2017-11-16,FALSE,4.01E+11
973,S308GXHER4AXXL3XXO,2017-11-16,FALSE,4.01E+11
974,R3FLK4XXXXR47XX82H,2017-11-16,TRUE,4.01E+11
975,R2FLH2HERXR47XXL4XXK,2017-11-16,FALSE,4.01E+11
976,R2HOQ2HERXR47XXL4XXS,2017-11-16,FALSE,4.01E+11
977,R2HOQ2HERXR47XXL4XXV,2017-11-16,FALSE,4.01E+11
978,R8HRQ7XXRXR48XXL4X6V,2017-11-16,FALSE,4.01E+11
979,R1EEEXXXRXR2AXXL3XXD,2017-11-16,FALSE,4.01E+11
980,R1EGEXXXXXR2AXX8XK,2017-11-16,FALSE,4.01E+11
981,RE06CXEERXX4AXX3TK,2017-11-16,FALSE,4.01E+11
982,RE06CX,2017-11-16,FALSE,4.01E+11
983,RE06CXEERXX4AXX3TH,2017-11-16,FALSE,4.01E+11
984,R6HRQ3HRMXR47XXL3XXV,2017-11-16,FALSE,4.01E+11
985,R3FLK3HERXR47XX4TO,2017-11-16,TRUE,4.01E+11
986,R006CXXXXXX47XXL8X6K,2017-11-16,FALSE,4.01E+11
987,R1EBEXERRXR4AXXL3X1D,2017-11-16,FALSE,4.01E+11
988,RE06DXXXRXX2AXX8CK,2017-11-16,FALSE,4.01E+11
989,R006DXXXXXX2XLXL3XXK,2017-11-16,FALSE,4.01E+11
990,XXXXXXXXXXXXXXXXXXXX,2017-11-16,,XXXXXXXXXXXXXXXX
991,R3FLK2XXPXR4AXNL8XXO,2017-12-12,TRUE,4.01E+11
992,R3FLK2XXPXR4AXNL8XXO,2017-12-13,TRUE,4.01E+11
993,R3DBKXXXXXR47XXL8X8D,2017-12-19,TRUE,4.01E+11
994,R7HOQ7XXXXR4XXXL4XTS,2017-12-27,FALSE,4.01E+11
995,R7FGK6XXXXR4XXXL4XXH,2017-12-27,FALSE,4.01E+11
996,R7HLQ7XXXXR4XXXL4X6S,2018-01-09,FALSE,4.01E+11
997,R7HLQ7XXXXR4XXXL4X6S,2018-01-09,FALSE,4.01E+11
998,R7FGK6XXXXR4XXXL4XXH,2018-01-17,FALSE,4.01E+11
999,R7FGK6XXXXR4XXXL4XXH,2018-01-17,FALSE,4.01E+11
1000,R7FG6XXXXR4XXXL4XXH,2018-01-17,FALSE,4.01E+11
1001,R3FEK2XXRXR2AXXL3XXO,2018-02-22,TRUE,4.01E+11
1002,R3FEK2XXRXR2AXXL3XXO,2018-02-22,TRUE,4.01E+11
1003,R3FEK2XXRXR2AXXL3XXO,2018-02-22,TRUE,4.01E+11
1004,R3FEK2XXRXR2AXXL3XXO,2018-02-22,TRUE,4.01E+11
1005,R3FEK2XXRXR2AXXL3XXO,2018-02-22,TRUE,4.01E+11
1006,R3FLK3HERXR47LXL3X6O,2018-03-14,TRUE,4.01E+11
1007,R3FLK3HERXR47LXL3X6O,2018-03-14,TRUE,4.01E+11
1008,R3FLK3HERXR47LXL3X6O,2018-03-19,TRUE,4.01E+11
1009,R3FLK3HERXR47LXL3X6O,2018-03-19,TRUE,4.01E+11
1010,R3FLK3HERXR47LX3X6O,2018-03-19,TRUE,4.01E+11
1011,R3FLK3HERXR47LX3X6O,2018-03-19,TRUE,4.01E+11
1012,R3FLK3HERXR47LX3X6O,2018-03-19,TRUE,4.01E+11
1013,R3FLK3HERXR47LXL3X6O,2018-03-20,TRUE,4.01E+11
1014,R3FLK3HERXR47LXL3X6O,2018-03-20,TRUE,4.01E+11
1015,R3FLK3HERXR47LXL3X6O,2018-03-20,TRUE,4.01E+11
1016,R7HLQ7XXXXR4XXXL4X6S,2018-03-23,FALSE,4.01E+11
1017,R3FLH5XXXXR4AXXL8XXO,2018-03-26,FALSE,4.01E+11
1018,R6NW53HEFRF47XHL8X26,2018-04-05,,4.01E+11
1019,R6NW53HEFRF47XHL8X26,2018-04-05,,4.01E+11
1020,R6NW53HEFRF47XHL8X26,2018-04-05,,4.01E+11
1021,R6NW53HEFRF47XHL8X26,2018-04-05,,4.01E+11
1022,R6NW53HEFRF47XHL8X26,2018-04-05,,4.01E+11
1023,R6NW53HEFRF47XHL8X26,2018-04-05,,4.01E+11
1024,R6NW53HEFRF47XHL8X26,2018-04-05,,4.01E+11
1025,R6NW53HEFRF47XHL8X26,2018-04-05,,4.01E+11
1026,R6NW53HEFRF47XHL8X26,2018-04-05,,4.01E+11
1027,R6NW53HEFRF47XHL8X26,2018-04-05,,4.01E+11
1028,R6NW53HEFRF47XHL8X26,2018-04-05,,4.01E+11
1029,R6NW53HEFRF47XHL8X26,2018-04-05,,4.01E+11
1030,R6NW53HEFRF47XHL8X26,2018-04-05,,4.01E+11
1031,R6NW53HEFRF47XHL8X26,2018-04-05,,4.01E+11
1032,R6NW53HEFRF47XHL8X26,2018-04-05,,4.01E+11
1033,R6NW53HEFRF47XHL8X26,2018-04-05,,4.01E+11
1034,R6NW53HEFRF47XHL8X26,2018-04-05,,4.01E+11
1035,R6NW53HEFRF47XHL8X26,2018-04-05,,4.01E+11
1036,R6NW53HEFRF47XHL8X26,2018-04-05,,4.01E+11
1037,R6NW53HEFRF47XHL8X26,2018-04-05,,4.01E+11
1038,R6NW53HEFRF47XHL8X26,2018-04-05,,4.01E+11
1039,R6NW53HEFRF47XHL8X26,2018-04-05,,4.01E+11
1040,R6NW53HEFRF47XHL8X26,2018-04-05,,4.01E+11
1041,R6NW53HEFRF47XHL8X26,2018-04-05,,4.01E+11
1042,R6NW53HEFRF47XHL8X26,2018-04-05,,4.01E+11
1043,R6NW53HEFRF47XHL8X26,2018-04-05,FALSE,
1044,R6NW53HEFRF47XHL8X26,2018-04-05,FALSE,
1045,R6NW53HEFRF47XHL8X26,2018-04-05,FALSE,
1046,R6NW53HEFRF47XHL8X26,2018-04-05,FALSE,
1047,R6NW53HEFRF47XHL8X26,2018-04-05,FALSE,
1048,R6NW53HEFRF47XHL8X26,2018-04-05,FALSE,
1049,R6NW53HEFRF47XHL8X26,2018-04-05,FALSE,
1050,R6NW53HEFRF47XHL8X26,2018-04-05,FALSE,
1051,R6NW53HEFRF47XHL8X26,2018-04-05,FALSE,4.01E+11
1052,R6NW53HEFRX47X5L3X26,2018-04-05,FALSE,4.01E+11
1053,R6MW13HEFXR47XHL8X24,2018-04-05,FALSE,4.01E+11
1054,R6NW53HEFRF47XHL8X26,2018-04-05,FALSE,4.01E+11
1055,R64053HEFXR47X5L3X26,2018-04-05,FALSE,4.01E+11
1056,R64053HEFXR47X5L3X26,2018-04-05,FALSE,4.01E+11
1057,R64053HEFXR47X5L3X26,2018-04-05,FALSE,4.01E+11
1058,R6NW53HEFRF47XHL8X26,2018-04-05,FALSE,4.01E+11
1059,R6NW53HEFRF47XHL8X26,2018-04-05,FALSE,4.01E+11
1060,R6MW13HEFXR47XHL8X24,2018-04-05,FALSE,4.01E+11
1061,R6MW13HEFXR47XHL8X24,2018-04-06,FALSE,4.01E+11
1062,R6MW13HEFXR47XHL8X24,2018-04-06,FALSE,4.01E+11
1063,R6MW13HEFXR47XHL8X24,2018-04-06,FALSE,4.01E+11
1064,R6MW13HEFXR47XHL8X24,2018-04-06,FALSE,4.01E+11
1065,R6NW53HEFRF47XHL8X26,2018-04-06,FALSE,4.01E+11
1066,R6NW53HEFRF47XHL8X26,2018-04-06,FALSE,4.01E+11
1067,R632213,2018-04-06,FALSE,4.01E+11
1068,R632213,2018-04-06,FALSE,4.01E+11
1069,R632213,2018-04-06,FALSE,4.01E+11
1070,R632213,2018-04-06,FALSE,4.01E+11
1071,R632213,2018-04-06,FALSE,4.01E+11
1072,R632213,2018-04-06,FALSE,4.01E+11
1073,R6NW53HEFRF47XHL8X26,2018-04-09,FALSE,4.01E+11
1074,R6NW53HEFRF47XHL8X26,2018-04-09,FALSE,4.01E+11
1075,R6NW53HEFRF47XHL8X26,2018-04-09,FALSE,4.01E+11
1076,R6NW53HEFRF47XHL8X26,2018-04-09,FALSE,4.01E+11
1077,R6JWU3HEFXR47XHL4X2Y,2018-04-10,FALSE,4.01E+11
1078,R6JWU3HEFXR47XHL4X2Y,2018-04-10,FALSE,4.01E+11
1079,R6JWU3HEFXR47XHL4X2Y,2018-04-11,FALSE,4.01E+11
1080,R6JWU3HEFXR47XHL4X2Y,2018-04-11,FALSE,4.01E+11
1081,R3FBK3XXRXR47XNL8ZXM,2018-06-04,TRUE,4.01E+11
1082,R3FBK3XXRXR47XNL8ZXM,2018-06-04,TRUE,4.01E+11
1083,,2018-06-04,FALSE,
1084,,2018-06-04,FALSE,
1085,R6NW53HEFXX47XXL3XX6,2018-06-19,FALSE,4.01E+11
1086,R6NW53HEFXX47XXL3XX6,2018-06-19,FALSE,4.01E+11
1087,R6NW53HEFXX47XXL3XX6,2018-06-19,FALSE,4.01E+11
1088,R6NW53HEFXX47XXL3XX6,2018-06-19,FALSE,4.01E+11
1089,R6NW53HEFXX47XXL3XX6,2018-06-19,FALSE,4.01E+11
1090,R006CXJGTXX47XXL3XXK,2018-06-19,FALSE,4.01E+11
1091,R006CXJGTXX47XXL3XXK,2018-06-19,FALSE,4.01E+11
1092,R016RXHERXX47XXL8X6V,2018-06-25,,4.01E+11
1093,R016RXHERXX47XXL8X6V,2018-06-25,,4.01E+11
1094,R016RXHERXX47XXL8X6V,2018-06-25,,4.01E+11
1095,R6NW53HEFXE47XXL3XX6,2018-06-29,FALSE,4.01E+11
1096,R6NW53HEFXE47XXL3XX6,2018-06-29,FALSE,4.01E+11
1097,1.23E+19,2018-07-27,FALSE,5515
1098,1.23E+19,2018-07-27,FALSE,5515
1099,1.23E+19,2018-07-27,FALSE,5515
1100,1.23E+19,2018-07-27,FALSE,5515
1101,1.23E+19,2018-07-27,FALSE,5515
1102,1.23E+19,2018-07-27,FALSE,5515
1103,1.23E+19,2018-07-27,FALSE,5515
1104,R2FBH2XXRXR47XXL4XXF,2018-09-21,FALSE,40100326492
1105,R2FBH2XXRXR47XXL4XXF,2018-09-21,FALSE,40100326492
1106,R2DBH2XXRXR47XXL4XXC,2018-09-21,FALSE,40100326491
1107,R2DBH2XXRXR47XXL4XXC,2018-09-21,FALSE,40100326490
1108,R2FBH2XXRXR47XXL4XXF,2018-09-21,FALSE,40100326494
1109,R2FBH2XXRXR47XXL4XXK,2018-09-21,FALSE,40100326496
1110,R2FBH2XXRXR47XXL4XXK,2018-09-21,FALSE,40100326497
1111,R2FBH2XXRXR47XXL4XXH,2018-09-21,FALSE,40100326495
1112,R2FBH2XXRXR47XXL4XXF,2018-09-24,FALSE,40100326493
1113,R006CXXXXXX2AXXL3XXK,2018-09-25,,4.01E+11
1114,R006CXXXXXX2AXXL3XXK,2018-09-25,,4.01E+11
1115,R1HOOXEERXR4XXXL3X1K,2018-09-27,FALSE,4.01E+11
1116,R1HOOXEERXR4XXXL3X1K,2018-09-27,FALSE,4.01E+11
1117,R1HOOXEERXR4XXXL3X1K,2018-09-27,FALSE,4.01E+11
1118,R1HOOXEERXR4XXXL3X1K,2018-09-27,FALSE,4.01E+11
1119,R1EGEXEERXR4XXXL3X1K,2018-09-27,FALSE,4.01E+11
1120,R1EGEXEERXR4XXXL3X1K,2018-09-27,FALSE,4.01E+11
1121,R1EGEXEERXR4XXXL3X1F,2018-09-27,FALSE,4.01E+11
1122,R1EGEXEERXR4XXXL3X1E,2018-09-27,FALSE,4.01E+11
1123,R1EGEXEERXR4XXXL3X1K,2018-09-27,FALSE,4.01E+11
1124,R1EGEXEERXR4XXXL3X1D,2018-09-27,FALSE,4.01E+11
1125,R1EGEXEERXR4XXXL3X1K,2018-09-27,FALSE,4.01E+11
1126,R1HOOXEERXR4XXXL3X1V,2018-09-27,FALSE,4.01E+11
1127,R1HOOXEERXR4XXXL3X1Q,2018-09-27,FALSE,4.01E+11
1128,R1HOOXEERXR4XXXL3X1S,2018-09-27,FALSE,4.01E+11
1129,R1HOOXEERXR4XXXL3X1S,2018-09-27,FALSE,4.01E+11
1130,R1HOOXEERXR4XXX3X1O,2018-10-01,FALSE,4.01E+11
1131,R1HOOXEERXR4XXX3X1O,2018-10-01,FALSE,4.01E+11
1132,R1HOOXEERXR4XXX3X1O,2018-10-01,FALSE,4.01E+11
1133,R1HOOXEERXR4XXX3X1Q,2018-10-01,FALSE,4.01E+11
1134,R1HOOXEERXR4XXXL3X1Q,2018-10-01,FALSE,4.01E+11
1135,R1HOOXEERXR4XXXL3X1Q,2018-10-01,FALSE,4.01E+11
1136,R1HOOXEERXR4XXXL3X1Q,2018-10-01,FALSE,4.01E+11
1137,R1HOOXEERXR4XXXL3X1Q,2018-10-01,FALSE,4.01E+11
1138,R1HOOXEERXR4XXXL3X1Q,2018-10-01,FALSE,4.01E+11
1139,R1HOOXEERXR4XXXL3X1Q,2018-10-01,FALSE,4.01E+11
1140,R1HOOXEERXR4XXXL3X1Q,2018-10-01,FALSE,4.01E+11
1141,R1HOOXEERXR4XXXL3X1Q,2018-10-01,FALSE,4.01E+11
1142,R1HOOXEERXR4XXXL3X1Q,2018-10-01,FALSE,4.01E+11
1143,R1HOOXEERXR4XXXL3X1Q,2018-10-01,FALSE,4.01E+11
1144,R1HOOXEERXR4XXXL3X1Q,2018-10-01,FALSE,4.01E+11
1145,R1HOOXEERXR4XXXL3X1Q,2018-10-01,FALSE,4.01E+11
1146,R1HOOXEERXR4XXXL3X1Q,2018-10-01,FALSE,4.01E+11
1147,R1HOOXEERXR4XXXL3X1Q,2018-10-01,FALSE,4.01E+11
1148,R1HOOXEERXR4XXXL3X1Q,2018-10-01,FALSE,4.01E+11
1149,R1HOOXEERXR4XXXL3X1Q,2018-10-01,FALSE,4.01E+11
1150,R1HOOXEERXR4XXXL3X1Q,2018-10-01,FALSE,4.01E+11
1151,R1HOOXEERXR4XXXL3X1Q,2018-10-01,FALSE,4.01E+11
1152,R1HOOXEERXR4XXXL3X1Q,2018-10-01,FALSE,4.01E+11
1153,R1HOOXEERXR4XXXL3X1Q,2018-10-01,FALSE,4.01E+11
1154,R1HOOXEERXR4XXXL3X1Q,2018-10-01,FALSE,4.01E+11
1155,R1HOOXEERXR4XXXL3X1Q,2018-10-01,FALSE,4.01E+11
1156,R1HOOXEERXR4XXXL3X1Q,2018-10-01,FALSE,4.01E+11
1157,R1HOOXEERXR4XXXL3X1Q,2018-10-01,FALSE,4.01E+11
1158,R1HOOXEERXR4XXXL3X1Q,2018-10-01,FALSE,4.01E+11
1159,R1HOOXEERXR4XXXL3X1Q,2018-10-01,FALSE,4.01E+11
1160,R1HOOXEERXR4XXXL3X1Q,2018-10-01,FALSE,4.01E+11
1161,R1HOOXEERXR4XXXL3X1Q,2018-10-01,FALSE,4.01E+11
1162,R1HOOXEERXR4XXXL3X1Q,2018-10-01,FALSE,4.01E+11
1163,R3FLK3HERXR47LXL4X6O,2018-10-08,TRUE,4.01E+11
1164,R3FLK3HERXR47LXL4X6O,2018-10-08,TRUE,4.01E+11
1165,R3FLK3HERXR47LXL4X6O,2018-10-08,TRUE,4.01E+11
1166,R3FLK3HERXR47LXL4X6O,2018-10-08,TRUE,4.01E+11
1167,R3FLK3HERXR47LXL4X6O,2018-10-09,TRUE,4.01E+11
1168,R3FLK3HERXR47LXL4X6O,2018-10-09,TRUE,4.01E+11
1169,R3FLK3HERXR47LXL4X6O,2018-10-10,TRUE,4.01E+11
1170,R3FLK3HERXR47LXL4X6O,2018-10-10,TRUE,4.01E+11
1171,R3FLK3HERXR47LXL4X6O,2018-10-10,TRUE,4.01E+11
1172,R3FLK3HERXR47LXL4X6O,2018-10-10,TRUE,4.01E+11
1173,R3FLK3HERXR47LXL4X6O,2018-10-10,TRUE,4.01E+11
1174,R3FLK3HERXR47LXL4X6O,2018-10-10,TRUE,4.01E+11
1175,R6LFH3HEMXR4AXNL4XXO,2018-10-11,FALSE,4.01E+11
1176,R006CXJGTXX47XXL3XXK,2018-10-30,FALSE,4.01E+11
1177,R006CXJGTXX47XXL3XXK,2018-10-30,FALSE,4.01E+11
1178,R006CXJGTXX47XXL3XXK,2018-10-30,FALSE,4.01E+11
1179,R006CXJGTXX47XXL3XXK,2018-10-30,FALSE,4.01E+11
1180,R006CXJGTXX47XXL3XXK,2018-10-30,FALSE,4.01E+11
1181,R006CXJGTXX47XXL3XXK,2018-10-30,FALSE,4.01E+11
1182,R006CXXXXXX2AXXL8XXK,2018-11-05,FALSE,4.01E+11
1183,R006CXXXXXX2AXXL8XXK,2018-11-05,FALSE,4.01E+11
1184,R006CXXXXXX2AXXL8XXK,2018-11-05,FALSE,4.01E+11
1185,R7FRLK6XXXXR2XXXL3X6,2018-11-07,FALSE,4.01E+11
1186,R7FRLK6XXXXR2XXXL3X6,2018-11-07,FALSE,4.01E+11
1187,R7FLK6XXXXR2XXXL3X6O,2018-11-08,FALSE,4.01E+11
1188,R7FLK6XXXXR2XXXL3X6O,2018-11-08,FALSE,4.01E+11
1189,R1EGEXEERXR4XXXL3X1E,2018-11-13,FALSE,4.01E+11
1190,RFTTTTTTTTTTTTTTTTTT,2018-11-20,FALSE,
1191,RFTTTTTTTTTTTTTTTTTT,2018-11-20,FALSE,2E+15
1192,RFTTTTTTTTTTTTTTTTTT,2018-11-20,FALSE,
1193,RFTTTTTTTTTTTTTTTTTT,2018-11-20,FALSE,
1194,RFTTTTTTTTTTTTTTTTTT,2018-11-20,FALSE,
1195,1.00E+19,2018-11-20,FALSE,
1196,1.23E+19,2018-11-20,FALSE,
1197,1.23E+19,2018-11-20,FALSE,
1198,1.23E+19,2018-11-20,FALSE,3.42342E+15
1199,3.94E+18,2018-11-20,FALSE,
1200,3.94E+18,2018-11-20,FALSE,
1201,6.56E+19,2018-11-20,FALSE,
1202,2.22E+19,2018-11-20,FALSE,
1203,2.22E+19,2018-11-20,FALSE,
1204,2.22E+19,2018-11-20,FALSE,
1205,R1EGEXEERXR4XXXL3X1K,2018-11-21,FALSE,4.01E+11
1206,R1EGEXEERXR4XXXL3X1E,2018-11-21,FALSE,4.01E+11
1207,R1HOOXEERXR4XXXL3X1O,2018-12-04,FALSE,4.01E+11
1208,R1HOOXEERXR4XXXL3X1O,2018-12-04,FALSE,4.01E+11
1209,R1HOOXEERXR4XXXL3X1O,2018-12-04,FALSE,4.01E+11
1210,R1HOOXEERXR4XXXL3X1Q,2018-12-04,FALSE,4.01E+11
1211,R1HOOXEERXR4XXXL3X1Q,2018-12-04,FALSE,4.01E+11
1212,RE16NXHERXX2XXXL3XXQ,2018-12-10,,4.01E+11
1213,RE16NXHERXX2XXXL3XXQ,2018-12-17,FALSE,40100344647
1214,RE16NXHERXX2XXXL3XXO,2018-12-17,FALSE,40100344647
1215,RE16NXHERXX2XXXL3XXO,2018-12-17,FALSE,4.01E+11
1216,RE16NXHERXX2XXXL3XXO,2018-12-17,FALSE,4.01E+11
1217,RE16NXHERXX2XXXL3XXQ,2018-12-17,FALSE,4.01E+11
1218,RE16NXHERXX2XXXL3XXH,2018-12-17,FALSE,4.01E+11
1219,RE16NXHERXX2XXXL3XXH,2018-12-17,FALSE,4.01E+11
1220,RE08NXHERXX2XXXL3XXH,2018-12-20,,4.01E+11
1221,R016RXHERXX47XXL8X6V,2018-12-21,,4.01E+11
1222,R8HOQ7HERXR4XXXL4Z8S,2019-02-28,FALSE,4.01E+11
1223,R8HOQ7HERXR4XXXL4Z8S,2019-02-28,FALSE,4.01E+11
1224,R8HOQ7HERXR4XXXL4Z8S,2019-02-28,FALSE,4.01E+11
1225,R7HOQ7HERXR4XXXL4Z8S,2019-02-28,FALSE,4.01E+11
1226,R7HOQ7HERXR4XXXL4Z8S,2019-02-28,FALSE,4.01E+11
1227,R3FEK4XXXXR4AXXL4X1O,2019-03-20,TRUE,4.01E+11
1228,R3FEK4XXXXR4AXXL4X1O,2019-03-20,TRUE,4.01E+11
1229,R3FBK4XXXXR4AXXL4X1O,2019-03-21,TRUE,4.01E+11
1230,R3FBK4XXXXR4AXXL4X1O,2019-03-22,TRUE,4.01E+11
1231,R3FBK4XXXXR4AXXL4X1O,2019-03-22,TRUE,4.01E+11
1232,R3FBK4XXXXR4AXXL4X1O,2019-03-27,TRUE,4.01E+11
1233,R3FBK4XXXXR4AXXL4X1O,2019-03-27,TRUE,4.01E+11
1234,R3FBK4XXXXR4AXXL4X1M,2019-03-29,TRUE,4.01E+11
1235,R3FBK4XXXXR4AXXL4X1M,2019-03-29,TRUE,4.01E+11
1236,R3FBK4XXXXR4AXXL4X1M,2019-03-29,TRUE,4.01E+11
1237,R3FBK4XXXXR4AXXL4X1M,2019-03-29,TRUE,4.01E+11
1238,R3FBK4XXXXR4AXXL4X1M,2019-03-29,TRUE,4.01E+11
1239,R3FBK4XXXXR4AXXL4X1M,2019-03-29,TRUE,4.01E+11
1240,R3FBK4XXXXR4AXXL4X1M,2019-03-29,TRUE,4.01E+11
1241,R3FBK4XXXXR4AXXL4X1M,2019-04-01,TRUE,4.01E+11
1242,R3FBK4XXXXR4AXXL4X1M,2019-04-01,TRUE,4.01E+11
1243,REFBK4XXXXR4XX4LAXIM,2019-04-01,FALSE,4.01E+11
1244,REFBK4XXXXR4XX4LAXIM,2019-04-01,FALSE,4.01E+11
1245,REFBK4XXXXR4XX4LAXIM,2019-04-01,FALSE,4.01E+11
1246,REFBK4XXXXR4XX4LAXIM,2019-04-01,FALSE,4.01E+11
1247,R3FLK3HERXR4AXXL3X6O,2021-08-22,TRUE,
